<!-- 1-Create a list of students showing first and last names only. -->

1-  mysql> select first_name, last_name from student;
+------------+-----------+
| first_name | last_name |
+------------+-----------+
| Eric       | Ephram    |
| Greg       | Gould     |
| Adam       | Ant       |
| Howard     | Hess      |
| Charles    | Caldwell  |
| James      | Joyce     |
| Doug       | Dumas     |
| Kevin      | Kraft     |
| Frank      | Fountain  |
| Brian      | Biggs     |
+------------+-----------+
10 rows in set (0.00 sec)

<!-- 2-Create a list of students with all the columns but only if the student has less than 8 years experience -->

2-  mysql> select * from student where years_of_experience < 8;
+------------+------------+-----------+---------------------+------------+
| student_id | first_name | last_name | years_of_experience | start_date |
+------------+------------+-----------+---------------------+------------+
|          1 | Eric       | Ephram    |                   2 | 2016-03-31 |
|          2 | Greg       | Gould     |                   6 | 2016-09-30 |
|          3 | Adam       | Ant       |                   5 | 2016-06-02 |
|          4 | Howard     | Hess      |                   1 | 2016-02-28 |
|          5 | Charles    | Caldwell  |                   7 | 2016-05-07 |
|          8 | Kevin      | Kraft     |                   3 | 2016-04-15 |
|         10 | Brian      | Biggs     |                   4 | 2015-12-25 |
+------------+------------+-----------+---------------------+------------+
7 rows in set (0.00 sec)

<!-- 3-Create a list of students showing the lastname, startdate, and id columns only and sorted by last_name in ascending sequence -->

3-  mysql> select last_name, start_date, student_id from student order by last_name;
+-----------+------------+------------+
| last_name | start_date | student_id |
+-----------+------------+------------+
| Ant       | 2016-06-02 |          3 |
| Biggs     | 2015-12-25 |         10 |
| Caldwell  | 2016-05-07 |          5 |
| Dumas     | 2016-07-04 |          7 |
| Ephram    | 2016-03-31 |          1 |
| Fountain  | 2016-01-31 |          9 |
| Gould     | 2016-09-30 |          2 |
| Hess      | 2016-02-28 |          4 |
| Joyce     | 2016-08-27 |          6 |
| Kraft     | 2016-04-15 |          8 |
+-----------+------------+------------+
10 rows in set (0.00 sec)

<!-- 4-Create a list of students showing all columns but only if the student first name is Adam, James, or Frank and sort them in last_name descending sequence. -->

4-  mysql> select * from student where first_name IN ('adam', 'james', 'frank') order by last_name desc;
+------------+------------+-----------+---------------------+------------+
| student_id | first_name | last_name | years_of_experience | start_date |
+------------+------------+-----------+---------------------+------------+
|          6 | James      | Joyce     |                   9 | 2016-08-27 |
|          9 | Frank      | Fountain  |                   8 | 2016-01-31 |
|          3 | Adam       | Ant       |                   5 | 2016-06-02 |
+------------+------------+-----------+---------------------+------------+
3 rows in set (0.00 sec)

<!-- 5-Create a list of students showing firstname, lastname and startdate where the startdate is between Jan 1, 2016 and June 30, 2016 and order the list by descending start_date sequence. -->

5-  mysql> select first_name, last_name, start_date from student where start_date BETWEEN '2016-01-01' and '2016-06-30' ORDER BY start_date desc;
+------------+-----------+------------+
| first_name | last_name | start_date |
+------------+-----------+------------+
| Adam       | Ant       | 2016-06-02 |
| Charles    | Caldwell  | 2016-05-07 |
| Kevin      | Kraft     | 2016-04-15 |
| Eric       | Ephram    | 2016-03-31 |
| Howard     | Hess      | 2016-02-28 |
| Frank      | Fountain  | 2016-01-31 |
+------------+-----------+------------+
6 rows in set (0.00 sec)
